occ_code,Title,mSML,vmSML,sdmSML
11-1011.00,Chief Executives,3.499850117,0.355751873,0.596449389
11-1011.03,Chief Sustainability Officers,3.437006689,0.346708032,0.588819185
11-1021.00,General and Operations Managers,3.472928678,0.257831917,0.50777152
11-2011.00,Advertising and Promotions Managers,3.605170591,0.324970092,0.570061481
11-2021.00,Marketing Managers,3.525315279,0.335834446,0.579512248
11-2022.00,Sales Managers,3.596940359,0.377981599,0.614802081
11-2031.00,Public Relations and Fundraising Managers,3.556219307,0.292447332,0.540783998
11-3011.00,Administrative Services Managers,3.33700246,0.414817232,0.644063065
11-3021.00,Computer and Information Systems Managers,3.550050315,0.285875866,0.534673607
11-3031.01,Treasurers and Controllers,3.532780353,0.345355449,0.587669507
11-3031.02,"Financial Managers, Branch or Department",3.549063387,0.338937432,0.582183332
11-3051.00,Industrial Production Managers,3.495001075,0.276112723,0.525464292
11-3051.01,Quality Control Systems Managers,3.605193928,0.366551136,0.605434667
11-3051.02,Geothermal Production Managers,3.415086342,0.344341488,0.586806176
11-3051.04,Biomass Power Plant Managers,3.49412736,0.343852879,0.586389699
11-3061.00,Purchasing Managers,3.420645837,0.388805394,0.623542616
11-3071.01,Transportation Managers,3.557176881,0.425728315,0.652478594
11-3071.02,Storage and Distribution Managers,3.45430495,0.309721766,0.556526519
11-3071.03,Logistics Managers,3.611227378,0.311970082,0.558542821
11-3111.00,Compensation and Benefits Managers,3.39458423,0.391739821,0.625891221
11-3121.00,Human Resources Managers,3.428105239,0.389434356,0.624046758
11-3131.00,Training and Development Managers,3.539295647,0.267265993,0.516977749
11-9013.01,Nursery and Greenhouse Managers,3.499923208,0.317434926,0.563413637
11-9013.02,Farm and Ranch Managers,3.398736931,0.341595522,0.584461737
11-9013.03,Aquacultural Managers,3.585348434,0.302819807,0.550290656
11-9021.00,Construction Managers,3.441873229,0.381068501,0.617307461
11-9031.00,"Education Administrators, Preschool and Childcare Center/Program",3.684178886,0.260604647,0.510494512
11-9032.00,"Education Administrators, Elementary and Secondary School",3.562165773,0.290113865,0.538622192
11-9033.00,"Education Administrators, Postsecondary",3.534577928,0.354703315,0.59556974
11-9039.01,Distance Learning Coordinators,3.634266147,0.418541281,0.646947665
11-9039.02,Fitness and Wellness Coordinators,3.545675378,0.318874976,0.564690159
11-9041.00,Architectural and Engineering Managers,3.458049283,0.465700422,0.682422466
11-9041.01,Biofuels/Biodiesel Technology and Product Development Managers,3.501225672,0.296177704,0.544222109
11-9051.00,Food Service Managers,3.474847784,0.370209314,0.608448284
11-9061.00,Funeral Service Managers,3.410993476,0.44159515,0.66452626
11-9071.00,Gaming Managers,3.536535657,0.358812284,0.599009419
11-9081.00,Lodging Managers,3.380708023,0.35874924,0.598956793
11-9111.00,Medical and Health Services Managers,3.51215138,0.33998298,0.583080595
11-9121.00,Natural Sciences Managers,3.471372559,0.345544837,0.58783062
11-9121.01,Clinical Research Coordinators,3.459397968,0.410174468,0.640448646
11-9121.02,Water Resource Specialists,3.414743799,0.384573542,0.620139938
11-9131.00,Postmasters and Mail Superintendents,3.385119907,0.284512963,0.533397566
11-9141.00,"Property, Real Estate, and Community Association Managers",3.415208703,0.405129678,0.63649798
11-9151.00,Social and Community Service Managers,3.530612431,0.439381006,0.66285821
11-9161.00,Emergency Management Directors,3.479353194,0.350206526,0.591782499
11-9199.01,Regulatory Affairs Managers,3.583608935,0.444320782,0.666573913
11-9199.02,Compliance Managers,3.54543114,0.328681715,0.573307697
11-9199.03,Investment Fund Managers,3.610507483,0.257532269,0.507476373
11-9199.04,Supply Chain Managers,3.591263474,0.336603848,0.580175705
11-9199.07,Security Managers,3.442459958,0.330709399,0.575073386
11-9199.08,Loss Prevention Managers,3.366011478,0.434981629,0.659531371
11-9199.11,Brownfield Redevelopment Specialists and Site Managers,3.453232703,0.437250041,0.66124885
13-1011.00,"Agents and Business Managers of Artists, Performers, and Athletes",3.412753728,0.374893877,0.61228578
13-1021.00,"Buyers and Purchasing Agents, Farm Products",3.711084746,0.365770555,0.604789678
13-1022.00,"Wholesale and Retail Buyers, Except Farm Products",3.481714983,0.489258624,0.699470245
13-1023.00,"Purchasing Agents, Except Wholesale, Retail, and Farm Products",3.506283078,0.42052334,0.64847771
13-1031.01,"Claims Examiners, Property and Casualty Insurance",3.411012778,0.369376885,0.60776384
13-1031.02,"Insurance Adjusters, Examiners, and Investigators",3.439171123,0.267149603,0.516865169
13-1032.00,"Insurance Appraisers, Auto Damage",3.387884699,0.204703162,0.452441336
13-1041.01,Environmental Compliance Inspectors,3.492592004,0.307694543,0.554702211
13-1041.02,Licensing Examiners and Inspectors,3.550332278,0.408980595,0.639515907
13-1041.03,Equal Opportunity Representatives and Officers,3.60821368,0.461262103,0.679162796
13-1041.04,Government Property Inspectors and Investigators,3.325244479,0.469320521,0.68506972
13-1041.06,Coroners,3.648415061,0.228986807,0.47852566
13-1041.07,Regulatory Affairs Specialists,3.337958886,0.499592852,0.706818825
13-1051.00,Cost Estimators,3.297940711,0.281486685,0.530553188
13-1071.00,Human Resources Specialists,3.703095474,0.371785859,0.609742453
13-1074.00,Farm Labor Contractors,3.528164076,0.623379423,0.789543807
13-1075.00,Labor Relations Specialists,3.546221285,0.347485243,0.58947879
13-1081.00,Logisticians,3.454203211,0.527783531,0.726487117
13-1081.01,Logistics Engineers,3.594815674,0.319278815,0.565047622
13-1081.02,Logistics Analysts,3.530748453,0.362135308,0.601776792
13-1111.00,Management Analysts,3.294294574,0.404230859,0.635791521
13-1121.00,"Meeting, Convention, and Event Planners",3.408434037,0.359017684,0.599180844
13-1131.00,Fundraisers,3.50901177,0.407987859,0.638739273
13-1141.00,"Compensation, Benefits, and Job Analysis Specialists",3.646076484,0.397169755,0.630214055
13-1151.00,Training and Development Specialists,3.508699214,0.325768351,0.570761203
13-1161.00,Market Research Analysts and Marketing Specialists,3.616733949,0.447637558,0.669057216
13-1199.01,Energy Auditors,3.567345174,0.366274539,0.605206196
13-1199.02,Security Management Specialists,3.398463504,0.502177549,0.708644868
13-1199.03,Customs Brokers,3.44364402,0.345737048,0.587994089
13-1199.04,Business Continuity Planners,3.293456204,0.432063517,0.657315387
13-1199.05,Sustainability Specialists,3.501288559,0.333661238,0.577634173
13-1199.06,Online Merchants,3.533415786,0.462118496,0.67979298
13-2011.01,Accountants,3.584172249,0.382036487,0.618091002
13-2011.02,Auditors,3.401052328,0.273562033,0.52303158
13-2021.01,Assessors,3.58175025,0.426545672,0.653104641
13-2021.02,"Appraisers, Real Estate",3.696498983,0.310363785,0.557103029
13-2031.00,Budget Analysts,3.391732713,0.356531898,0.597102921
13-2041.00,Credit Analysts,3.590337064,0.337733656,0.581148566
13-2051.00,Financial Analysts,3.53646082,0.359606307,0.599671832
13-2052.00,Personal Financial Advisors,3.402850101,0.491234556,0.700881271
13-2053.00,Insurance Underwriters,3.596307815,0.372299184,0.610163244
13-2061.00,Financial Examiners,3.311800482,0.594999781,0.771362289
13-2071.00,Credit Counselors,3.589149027,0.471238653,0.686468246
13-2071.01,Loan Counselors,3.573630952,0.432175609,0.657400646
13-2072.00,Loan Officers,3.48445714,0.564814754,0.751541585
13-2081.00,"Tax Examiners and Collectors, and Revenue Agents",3.542409606,0.358454039,0.598710313
13-2082.00,Tax Preparers,3.702320329,0.361981272,0.601648794
13-2099.02,Risk Management Specialists,3.511568251,0.361900108,0.60158134
13-2099.04,"Fraud Examiners, Investigators and Analysts",3.550990099,0.354660295,0.595533622
15-1111.00,Computer and Information Research Scientists,3.42220908,0.355788976,0.596480491
15-1121.00,Computer Systems Analysts,3.465805814,0.345850835,0.588090839
15-1121.01,Informatics Nurse Specialists,3.413712743,0.287049429,0.53576994
15-1122.00,Information Security Analysts,3.543814163,0.30323218,0.550665216
15-1131.00,Computer Programmers,3.525155582,0.25522221,0.50519522
15-1132.00,"Software Developers, Applications",3.37827649,0.289603011,0.53814776
15-1133.00,"Software Developers, Systems Software",3.422585227,0.342736887,0.585437347
15-1134.00,Web Developers,3.550911956,0.338096066,0.581460287
15-1141.00,Database Administrators,3.555305318,0.318178855,0.564073448
15-1142.00,Network and Computer Systems Administrators,3.593409081,0.283397348,0.532350776
15-1143.01,Telecommunications Engineering Specialists,3.531091339,0.369505436,0.607869588
15-1151.00,Computer User Support Specialists,3.375936671,0.265228397,0.515003298
15-1152.00,Computer Network Support Specialists,3.578486782,0.286365168,0.535130982
15-1199.01,Software Quality Assurance Engineers and Testers,3.625431511,0.320034618,0.565716022
15-1199.02,Computer Systems Engineers/Architects,3.446926312,0.381545468,0.617693669
15-1199.03,Web Administrators,3.602809579,0.362925326,0.602432839
15-1199.04,Geospatial Information Scientists and Technologists,3.457436368,0.324823765,0.569933123
15-1199.05,Geographic Information Systems Technicians,3.600327648,0.448187157,0.669467816
15-1199.06,Database Architects,3.663114754,0.316273347,0.562381852
15-1199.08,Business Intelligence Analysts,3.42419226,0.403890245,0.635523599
15-1199.09,Information Technology Project Managers,3.456675227,0.414985826,0.644193935
15-1199.10,Search Marketing Strategists,3.473278828,0.381972079,0.618038898
15-1199.11,Video Game Designers,3.52952187,0.439603838,0.663026273
15-1199.12,Document Management Specialists,3.72308958,0.337824588,0.581226795
15-2011.00,Actuaries,3.519325482,0.338265512,0.581605977
15-2021.00,Mathematicians,3.459645306,0.293465922,0.54172495
15-2031.00,Operations Research Analysts,3.504999085,0.310010727,0.55678607
15-2041.00,Statisticians,3.559235647,0.315788339,0.561950478
15-2041.01,Biostatisticians,3.550315692,0.41673562,0.645550633
15-2041.02,Clinical Data Managers,3.585149279,0.349572965,0.591246957
17-1011.00,"Architects, Except Landscape and Naval",3.424610844,0.451025593,0.67158439
17-1012.00,Landscape Architects,3.352259355,0.468403416,0.684400041
17-1021.00,Cartographers and Photogrammetrists,3.536883164,0.439741546,0.663130112
17-1022.00,Surveyors,3.435150345,0.401326253,0.633503159
17-1022.01,Geodetic Surveyors,3.303793954,0.3709188,0.609031033
17-2011.00,Aerospace Engineers,3.493630013,0.370260231,0.608490124
17-2021.00,Agricultural Engineers,3.541273251,0.385105381,0.620568595
17-2031.00,Biomedical Engineers,3.410393482,0.414249803,0.643622407
17-2041.00,Chemical Engineers,3.311748601,0.405931529,0.637127561
17-2051.00,Civil Engineers,3.409974357,0.368010619,0.606638788
17-2051.01,Transportation Engineers,3.465334626,0.505200878,0.710774844
17-2061.00,Computer Hardware Engineers,3.520065287,0.323365743,0.568652568
17-2071.00,Electrical Engineers,3.477106773,0.439066995,0.662621306
17-2072.00,"Electronics Engineers, Except Computer",3.615323226,0.439571866,0.663002162
17-2072.01,Radio Frequency Identification Device Specialists,3.566074364,0.321464615,0.566978496
17-2081.00,Environmental Engineers,3.346904639,0.369141565,0.607570214
17-2081.01,Water/Wastewater Engineers,3.497087485,0.374542509,0.611998782
17-2111.01,Industrial Safety and Health Engineers,3.472772211,0.285337817,0.534170213
17-2111.02,Fire-Prevention and Protection Engineers,3.545358584,0.463868309,0.681078783
17-2111.03,Product Safety Engineers,3.684995844,0.248132923,0.498129424
17-2112.00,Industrial Engineers,3.60483553,0.396957327,0.630045496
17-2112.01,Human Factors Engineers and Ergonomists,3.574379508,0.363302283,0.60274562
17-2121.01,Marine Engineers,3.445511636,0.401171917,0.633381336
17-2121.02,Marine Architects,3.310363099,0.405553629,0.636830926
17-2131.00,Materials Engineers,3.450846281,0.414869817,0.644103887
17-2141.00,Mechanical Engineers,3.551055149,0.365247264,0.604356901
17-2141.01,Fuel Cell Engineers,3.536092523,0.447264569,0.668778415
17-2141.02,Automotive Engineers,3.547954007,0.308110102,0.555076663
17-2151.00,"Mining and Geological Engineers, Including Mining Safety Engineers",3.439533981,0.318786724,0.564612012
17-2161.00,Nuclear Engineers,3.456221648,0.385726161,0.621068564
17-2171.00,Petroleum Engineers,3.423476559,0.329047611,0.573626717
17-2199.01,Biochemical Engineers,3.413556783,0.375183665,0.612522379
17-2199.02,Validation Engineers,3.571767299,0.456216706,0.675438158
17-2199.03,Energy Engineers,3.473135003,0.376689389,0.613750266
17-2199.04,Manufacturing Engineers,3.364889714,0.326608054,0.571496329
17-2199.05,Mechatronics Engineers,3.482366773,0.415107566,0.644288419
17-2199.07,Photonics Engineers,3.538484738,0.28618085,0.534958737
17-2199.08,Robotics Engineers,3.423978425,0.373128595,0.610842529
17-2199.09,Nanosystems Engineers,3.598146832,0.364751367,0.603946494
17-2199.10,Wind Energy Engineers,3.373800411,0.44277906,0.665416456
17-2199.11,Solar Energy Systems Engineers,3.573129707,0.405908108,0.637109181
17-3011.01,Architectural Drafters,3.496082283,0.327618089,0.572379323
17-3011.02,Civil Drafters,3.453060298,0.329814142,0.574294473
17-3012.01,Electronic Drafters,3.549297968,0.586471064,0.765813988
17-3012.02,Electrical Drafters,3.475569653,0.370402921,0.608607362
17-3013.00,Mechanical Drafters,3.939378738,0.478530369,0.691758895
17-3021.00,Aerospace Engineering and Operations Technicians,3.44002944,0.322802118,0.568156772
17-3022.00,Civil Engineering Technicians,3.295654232,0.317632552,0.563588992
17-3023.01,Electronics Engineering Technicians,3.460181828,0.345945395,0.58817123
17-3023.03,Electrical Engineering Technicians,3.458954707,0.327105684,0.571931538
17-3024.00,Electro-Mechanical Technicians,3.411760696,0.27475115,0.524167102
17-3024.01,Robotics Technicians,3.259708528,0.30395548,0.551321576
17-3025.00,Environmental Engineering Technicians,3.377751359,0.396319155,0.629538843
17-3026.00,Industrial Engineering Technicians,3.470821479,0.434203128,0.658940914
17-3027.00,Mechanical Engineering Technicians,3.577680199,0.402316609,0.634284328
17-3029.01,Non-Destructive Testing Specialists,3.510568401,0.412190201,0.642020405
17-3029.02,Electrical Engineering Technologists,3.410023323,0.29443638,0.542619922
17-3029.03,Electromechanical Engineering Technologists,3.474013931,0.30090885,0.548551592
17-3029.04,Electronics Engineering Technologists,3.423298244,0.393056952,0.626942542
17-3029.05,Industrial Engineering Technologists,3.490428915,0.342094127,0.584888132
17-3029.06,Manufacturing Engineering Technologists,3.401185176,0.346438092,0.588589919
17-3029.07,Mechanical Engineering Technologists,3.561182271,0.258840165,0.508763368
17-3029.08,Photonics Technicians,3.55506262,0.368775466,0.607268858
17-3029.09,Manufacturing Production Technicians,3.38411873,0.384691319,0.62023489
17-3031.01,Surveying Technicians,3.256645005,0.44218706,0.664971473
17-3031.02,Mapping Technicians,3.557842628,0.461801908,0.679560084
19-1011.00,Animal Scientists,3.085310537,0.527713641,0.726439014
19-1012.00,Food Scientists and Technologists,3.340218927,0.482995631,0.694978871
19-1013.00,Soil and Plant Scientists,3.364016069,0.422901246,0.650308577
19-1020.01,Biologists,3.499574369,0.339094983,0.582318627
19-1021.00,Biochemists and Biophysicists,3.436655949,0.281123115,0.530210444
19-1022.00,Microbiologists,3.558030357,0.324474037,0.569626226
19-1023.00,Zoologists and Wildlife Biologists,3.428917472,0.405519848,0.636804403
19-1029.01,Bioinformatics Scientists,3.559623534,0.302812259,0.550283799
19-1029.02,Molecular and Cellular Biologists,3.395543565,0.513675307,0.716711453
19-1029.03,Geneticists,3.381639889,0.329796571,0.574279176
19-1031.01,Soil and Water Conservationists,3.402238438,0.400507422,0.632856557
19-1031.02,Range Managers,3.355670711,0.488929848,0.699235188
19-1031.03,Park Naturalists,3.377523895,0.325927438,0.57090055
19-1032.00,Foresters,3.464417555,0.415866175,0.644876868
19-1041.00,Epidemiologists,3.245557449,0.568548675,0.754021668
19-1042.00,"Medical Scientists, Except Epidemiologists",3.32980343,0.460963464,0.678942902
19-2011.00,Astronomers,3.41042697,0.397969848,0.630848514
19-2012.00,Physicists,3.369582867,0.427787363,0.654054556
19-2021.00,Atmospheric and Space Scientists,3.416780908,0.343982394,0.586500123
19-2031.00,Chemists,3.415536039,0.390238375,0.624690623
19-2032.00,Materials Scientists,3.56739953,0.384203419,0.619841446
19-2041.00,"Environmental Scientists and Specialists, Including Health",3.486225904,0.449295044,0.670294744
19-2041.01,Climate Change Analysts,3.610802228,0.379291491,0.615866456
19-2041.02,Environmental Restoration Planners,3.414251027,0.432149747,0.657380976
19-2041.03,Industrial Ecologists,3.443338243,0.451066645,0.671614953
19-2042.00,"Geoscientists, Except Hydrologists and Geographers",3.484206017,0.37950261,0.616037831
19-2043.00,Hydrologists,3.528185739,0.317084013,0.563102134
19-2099.01,Remote Sensing Scientists and Technologists,3.497997703,0.350950282,0.592410569
19-3011.00,Economists,3.46307237,0.431175778,0.656639763
19-3011.01,Environmental Economists,3.528014828,0.411430448,0.641428443
19-3022.00,Survey Researchers,3.472112566,0.428761958,0.654799174
19-3031.01,School Psychologists,3.477757774,0.316080756,0.562210598
19-3031.02,Clinical Psychologists,3.534140242,0.446725219,0.668375059
19-3031.03,Counseling Psychologists,3.64672268,0.41117897,0.641232384
19-3032.00,Industrial-Organizational Psychologists,3.453188943,0.424120268,0.651245168
19-3039.01,Neuropsychologists and Clinical Neuropsychologists,3.767235844,0.66722313,0.816837273
19-3041.00,Sociologists,3.487303806,0.390340699,0.624772518
19-3051.00,Urban and Regional Planners,3.484166522,0.450253874,0.671009593
19-3091.01,Anthropologists,3.397147733,0.532237592,0.729546155
19-3091.02,Archeologists,3.110035092,0.636841269,0.798023351
19-3092.00,Geographers,3.337228199,0.527343716,0.726184354
19-3093.00,Historians,3.223093893,0.477445492,0.690974306
19-3094.00,Political Scientists,3.479754495,0.464984586,0.681897783
19-3099.01,Transportation Planners,3.523493568,0.416530932,0.645392076
19-4011.01,Agricultural Technicians,3.443297753,0.357424513,0.597849909
19-4011.02,Food Science Technicians,3.559675353,0.354542772,0.595434944
19-4021.00,Biological Technicians,3.478757409,0.369480523,0.607849095
19-4031.00,Chemical Technicians,3.523839653,0.403708569,0.635380649
19-4041.01,Geophysical Data Technicians,3.618202395,0.344612089,0.587036702
19-4041.02,Geological Sample Test Technicians,3.561622563,0.310602802,0.557317506
19-4051.01,Nuclear Equipment Operation Technicians,3.425985222,0.176762227,0.420431002
19-4051.02,Nuclear Monitoring Technicians,3.39617387,0.339297493,0.582492484
19-4061.00,Social Science Research Assistants,3.619066411,0.464596548,0.681613195
19-4061.01,City and Regional Planning Aides,3.522212441,0.284082011,0.532993444
19-4091.00,"Environmental Science and Protection Technicians, Including Health",3.530832873,0.382768974,0.618683258
19-4092.00,Forensic Science Technicians,3.459278149,0.265872707,0.515628458
19-4093.00,Forest and Conservation Technicians,3.382493981,0.443134525,0.665683502
19-4099.01,Quality Control Analysts,3.566320715,0.393495513,0.627292207
19-4099.02,Precision Agriculture Technicians,3.372347949,0.289241995,0.53781223
19-4099.03,Remote Sensing Technicians,3.505582173,0.349613345,0.591281105
21-1011.00,Substance Abuse and Behavioral Disorder Counselors,3.514977309,0.368825243,0.607309841
21-1012.00,"Educational, Guidance, School, and Vocational Counselors",3.483514764,0.418466068,0.646889533
21-1013.00,Marriage and Family Therapists,3.500021788,0.401895695,0.633952439
21-1014.00,Mental Health Counselors,3.505223354,0.414229938,0.643606975
21-1015.00,Rehabilitation Counselors,3.327685833,0.427984649,0.654205357
21-1021.00,"Child, Family, and School Social Workers",3.504177872,0.256989457,0.506941276
21-1022.00,Healthcare Social Workers,3.487833624,0.508751219,0.713267986
21-1023.00,Mental Health and Substance Abuse Social Workers,3.500903347,0.418870227,0.647201844
21-1091.00,Health Educators,3.598304863,0.560574508,0.748715238
21-1092.00,Probation Officers and Correctional Treatment Specialists,3.399976965,0.525146251,0.724669753
21-1093.00,Social and Human Service Assistants,3.539648212,0.38498728,0.620473432
21-1094.00,Community Health Workers,3.647460474,0.500815313,0.70768306
21-2011.00,Clergy,3.619783534,0.390140253,0.624612082
21-2021.00,"Directors, Religious Activities and Education",3.622366889,0.373880564,0.611457737
23-1011.00,Lawyers,3.462765665,0.415380528,0.644500216
23-1012.00,Judicial Law Clerks,3.446044277,0.266797399,0.516524345
23-1021.00,"Administrative Law Judges, Adjudicators, and Hearing Officers",3.295613878,0.451552529,0.671976584
23-1022.00,"Arbitrators, Mediators, and Conciliators",3.331005241,0.429489116,0.655354191
23-1023.00,"Judges, Magistrate Judges, and Magistrates",3.407472699,0.385290283,0.620717555
23-2011.00,Paralegals and Legal Assistants,3.467391001,0.312540811,0.559053496
23-2091.00,Court Reporters,3.464927994,0.144819071,0.380551009
23-2093.00,"Title Examiners, Abstractors, and Searchers",3.495362319,0.206387916,0.454299368
25-1011.00,"Business Teachers, Postsecondary",3.357642918,0.402415341,0.634362153
25-1021.00,"Computer Science Teachers, Postsecondary",3.388023719,0.42829534,0.654442771
25-1022.00,"Mathematical Science Teachers, Postsecondary",3.395340319,0.453746603,0.673607158
25-1031.00,"Architecture Teachers, Postsecondary",3.369881668,0.475238333,0.689375321
25-1032.00,"Engineering Teachers, Postsecondary",3.404776435,0.449279725,0.670283317
25-1041.00,"Agricultural Sciences Teachers, Postsecondary",3.421309149,0.44612109,0.667922967
25-1042.00,"Biological Science Teachers, Postsecondary",3.420147636,0.452976502,0.673035291
25-1043.00,"Forestry and Conservation Science Teachers, Postsecondary",3.379910358,0.460388979,0.678519697
25-1051.00,"Atmospheric, Earth, Marine, and Space Sciences Teachers, Postsecondary",3.361831819,0.451647689,0.672047386
25-1052.00,"Chemistry Teachers, Postsecondary",3.445363054,0.434785903,0.659382971
25-1053.00,"Environmental Science Teachers, Postsecondary",3.399095499,0.447785369,0.669167669
25-1054.00,"Physics Teachers, Postsecondary",3.405147996,0.448505822,0.669705773
25-1061.00,"Anthropology and Archeology Teachers, Postsecondary",3.406303396,0.439431212,0.66289608
25-1062.00,"Area, Ethnic, and Cultural Studies Teachers, Postsecondary",3.374783394,0.461979367,0.67969064
25-1063.00,"Economics Teachers, Postsecondary",3.415107816,0.446018125,0.667845884
25-1064.00,"Geography Teachers, Postsecondary",3.408559424,0.443829315,0.66620516
25-1065.00,"Political Science Teachers, Postsecondary",3.413383206,0.443119421,0.665672157
25-1066.00,"Psychology Teachers, Postsecondary",3.424255315,0.428453894,0.654563896
25-1067.00,"Sociology Teachers, Postsecondary",3.426000548,0.433799227,0.658634366
25-1071.00,"Health Specialties Teachers, Postsecondary",3.407358136,0.444284635,0.666546799
25-1072.00,"Nursing Instructors and Teachers, Postsecondary",3.433235436,0.456468019,0.67562417
25-1081.00,"Education Teachers, Postsecondary",3.401723225,0.423762639,0.650970536
25-1082.00,"Library Science Teachers, Postsecondary",3.388075117,0.453682612,0.673559657
25-1111.00,"Criminal Justice and Law Enforcement Teachers, Postsecondary",3.413889213,0.436755727,0.660874971
25-1112.00,"Law Teachers, Postsecondary",3.40475883,0.422733461,0.65017956
25-1113.00,"Social Work Teachers, Postsecondary",3.423492086,0.439366138,0.662846995
25-1121.00,"Art, Drama, and Music Teachers, Postsecondary",3.419734936,0.517463091,0.719349074
25-1122.00,"Communications Teachers, Postsecondary",3.418106885,0.438753441,0.662384663
25-1123.00,"English Language and Literature Teachers, Postsecondary",3.375843201,0.487693857,0.698350813
25-1124.00,"Foreign Language and Literature Teachers, Postsecondary",3.389756758,0.477610478,0.691093682
25-1125.00,"History Teachers, Postsecondary",3.354591597,0.468122148,0.684194525
25-1126.00,"Philosophy and Religion Teachers, Postsecondary",3.355009299,0.468954222,0.684802323
25-1191.00,Graduate Teaching Assistants,3.470510657,0.375512729,0.612790934
25-1192.00,"Home Economics Teachers, Postsecondary",3.416662915,0.441631665,0.664553734
25-1193.00,"Recreation and Fitness Studies Teachers, Postsecondary",3.407481574,0.460418398,0.678541375
25-1194.00,"Vocational Education Teachers, Postsecondary",3.567190615,0.443346941,0.665843031
25-2011.00,"Preschool Teachers, Except Special Education",3.458337145,0.405762273,0.636994719
25-2012.00,"Kindergarten Teachers, Except Special Education",3.458574089,0.354744104,0.595603983
25-2021.00,"Elementary School Teachers, Except Special Education",3.488486746,0.367796137,0.606461983
25-2022.00,"Middle School Teachers, Except Special and Career/Technical Education",3.508205961,0.370129115,0.608382376
25-2023.00,"Career/Technical Education Teachers, Middle School",3.484398573,0.359213622,0.599344327
25-2031.00,"Secondary School Teachers, Except Special and Career/Technical Education",3.503612921,0.367125786,0.605909058
25-2032.00,"Career/Technical Education Teachers, Secondary School",3.500913973,0.372186834,0.610071172
25-2052.00,"Special Education Teachers, Kindergarten and Elementary School",3.482313926,0.427779156,0.654048283
25-2053.00,"Special Education Teachers, Middle School",3.493696781,0.366510579,0.605401172
25-2054.00,"Special Education Teachers, Secondary School",3.494365441,0.362795325,0.602324933
25-2059.01,Adapted Physical Education Specialists,3.515434674,0.452505101,0.672684994
25-3011.00,Adult Basic and Secondary Education and Literacy Teachers and Instructors,3.452752996,0.372716347,0.610504993
25-3021.00,Self-Enrichment Education Teachers,3.458119339,0.407540753,0.638389186
25-3099.02,Tutors,3.604661227,0.548974774,0.740928319
25-4011.00,Archivists,3.391259438,0.424371581,0.651438087
25-4012.00,Curators,3.316679543,0.41542948,0.644538192
25-4013.00,Museum Technicians and Conservators,3.464316297,0.451528165,0.671958455
25-4021.00,Librarians,3.439541274,0.441360194,0.664349452
25-4031.00,Library Technicians,3.362755911,0.473472684,0.688093514
25-9011.00,Audio-Visual and Multimedia Collections Specialists,3.41389227,0.379857895,0.616326127
25-9021.00,Farm and Home Management Advisors,3.497342297,0.632868768,0.795530494
25-9031.00,Instructional Coordinators,3.379458356,0.494726858,0.703368223
25-9031.01,Instructional Designers and Technologists,3.517571405,0.552625313,0.743387727
25-9041.00,Teacher Assistants,3.447683885,0.503447732,0.709540508
27-1011.00,Art Directors,3.467411402,0.372341613,0.610198011
27-1012.00,Craft Artists,3.436095263,0.437566332,0.661487968
27-1013.00,"Fine Artists, Including Painters, Sculptors, and Illustrators",3.544722357,0.407538415,0.638387355
27-1014.00,Multimedia Artists and Animators,3.738221266,0.360892063,0.600742926
27-1021.00,Commercial and Industrial Designers,3.370764544,0.403958785,0.635577521
27-1022.00,Fashion Designers,3.288714892,0.464252444,0.68136073
27-1023.00,Floral Designers,3.474138499,0.389083246,0.623765378
27-1024.00,Graphic Designers,3.552025772,0.319682137,0.565404402
27-1025.00,Interior Designers,3.500343888,0.299348162,0.54712719
27-1026.00,Merchandise Displayers and Window Trimmers,3.509919007,0.311729928,0.558327796
27-1027.00,Set and Exhibit Designers,3.400496339,0.517520509,0.719388983
27-2011.00,Actors,3.325148214,0.33330914,0.577329317
27-2012.01,Producers,3.537045173,0.399900635,0.632376973
27-2012.02,"Directors- Stage, Motion Pictures, Television, and Radio",3.529723172,0.503987263,0.709920603
27-2012.03,Program Directors,3.598999228,0.329066177,0.5736429
27-2012.04,Talent Directors,3.569801348,0.387175153,0.622234002
27-2012.05,Technical Directors/Managers,3.583315088,0.407582809,0.638422124
27-2021.00,Athletes and Sports Competitors,3.204052139,0.26646039,0.516198014
27-2022.00,Coaches and Scouts,3.272073158,0.435861612,0.660198161
27-2023.00,"Umpires, Referees, and Other Sports Officials",3.32235193,0.154140955,0.39260789
27-2031.00,Dancers,3.145001025,0.319629918,0.565358221
27-2032.00,Choreographers,3.343590284,0.50804214,0.712770748
27-2041.01,Music Directors,3.626700471,0.29802746,0.545918914
27-2041.04,Music Composers and Arrangers,3.562180619,0.145256642,0.381125494
27-2042.01,Singers,3.277525019,0.368855381,0.607334653
27-2042.02,"Musicians, Instrumental",3.255606544,0.45799278,0.676751638
27-3011.00,Radio and Television Announcers,3.260069841,0.670790014,0.819017713
27-3012.00,Public Address System and Other Announcers,3.037447489,0.742848286,0.861886469
27-3021.00,Broadcast News Analysts,3.655165431,0.284920537,0.533779484
27-3022.00,Reporters and Correspondents,3.570009373,0.439425275,0.662891601
27-3031.00,Public Relations Specialists,3.421848112,0.474440179,0.688796181
27-3041.00,Editors,3.572901452,0.269964044,0.519580642
27-3042.00,Technical Writers,3.561724895,0.290452324,0.538936289
27-3043.04,Copy Writers,3.522565711,0.319430531,0.565181856
27-3043.05,"Poets, Lyricists and Creative Writers",3.455541407,0.309371218,0.556211486
27-3091.00,Interpreters and Translators,3.517102767,0.279627384,0.528798056
27-4011.00,Audio and Video Equipment Technicians,3.487583654,0.452758718,0.672873478
27-4012.00,Broadcast Technicians,3.475704953,0.343940618,0.586464507
27-4013.00,Radio Operators,3.377839738,0.24980488,0.499804842
27-4014.00,Sound Engineering Technicians,3.34839221,0.367438962,0.606167438
27-4021.00,Photographers,3.592736155,0.437706832,0.661594159
27-4031.00,"Camera Operators, Television, Video, and Motion Picture",3.47486645,0.495424722,0.703864136
27-4032.00,Film and Video Editors,3.42159868,0.393033544,0.626923874
29-1011.00,Chiropractors,3.390100449,0.284656107,0.53353173
29-1021.00,"Dentists, General",3.442604978,0.33649182,0.58007915
29-1022.00,Oral and Maxillofacial Surgeons,3.263547957,0.568378255,0.753908652
29-1023.00,Orthodontists,3.371829179,0.333322337,0.577340746
29-1024.00,Prosthodontists,3.433186723,0.23231782,0.481993589
29-1031.00,Dietitians and Nutritionists,3.41082094,0.341458889,0.584344837
29-1041.00,Optometrists,3.621334095,0.338317834,0.581650955
29-1051.00,Pharmacists,3.499690585,0.370455276,0.608650372
29-1061.00,Anesthesiologists,3.420993054,0.346527513,0.588665875
29-1062.00,Family and General Practitioners,3.353117314,0.338954041,0.582197596
29-1063.00,"Internists, General",3.422314651,0.371016491,0.609111231
29-1064.00,Obstetricians and Gynecologists,3.364985215,0.38642936,0.621634426
29-1065.00,"Pediatricians, General",3.356237579,0.324164655,0.569354595
29-1066.00,Psychiatrists,3.458028037,0.260223847,0.510121404
29-1067.00,Surgeons,3.409188962,0.326621278,0.571507899
29-1069.01,Allergists and Immunologists,3.547880726,0.322747806,0.568108974
29-1069.02,Dermatologists,3.395320352,0.440753477,0.66389267
29-1069.03,Hospitalists,3.450266456,0.314007355,0.560363592
29-1069.04,Neurologists,3.447062673,0.33110495,0.575417196
29-1069.05,Nuclear Medicine Physicians,3.406999533,0.387744634,0.622691444
29-1069.06,Ophthalmologists,3.388580955,0.402171172,0.634169672
29-1069.07,Pathologists,3.584796647,0.382242332,0.618257497
29-1069.08,Physical Medicine and Rehabilitation Physicians,3.421663775,0.331259671,0.575551623
29-1069.09,Preventive Medicine Physicians,3.391594293,0.343956141,0.586477742
29-1069.10,Radiologists,3.385606295,0.3816759,0.617799239
29-1069.11,Sports Medicine Physicians,3.46226809,0.311529116,0.558147934
29-1069.12,Urologists,3.539511095,0.434414543,0.659101315
29-1071.00,Physician Assistants,3.498014261,0.257867632,0.507806688
29-1071.01,Anesthesiologist Assistants,3.388565726,0.358359477,0.598631336
29-1081.00,Podiatrists,3.412251096,0.366944244,0.605759229
29-1122.00,Occupational Therapists,3.30365137,0.298091108,0.545977205
29-1122.01,"Low Vision Therapists, Orientation and Mobility Specialists, and Vision Rehabilitation Therapists",3.421231952,0.344636645,0.587057616
29-1123.00,Physical Therapists,3.363059435,0.237040855,0.486868417
29-1124.00,Radiation Therapists,3.501893855,0.357481081,0.597897216
29-1125.00,Recreational Therapists,3.244248188,0.247775555,0.497770584
29-1125.01,Art Therapists,3.370674346,0.361507208,0.601254695
29-1125.02,Music Therapists,3.304551513,0.352171239,0.593440173
29-1126.00,Respiratory Therapists,3.499345323,0.355013518,0.595830109
29-1127.00,Speech-Language Pathologists,3.39834784,0.261871591,0.511733906
29-1128.00,Exercise Physiologists,3.391236645,0.338035748,0.581408418
29-1131.00,Veterinarians,3.511883043,0.258018409,0.507955125
29-1141.00,Registered Nurses,3.428179534,0.309679418,0.556488471
29-1141.01,Acute Care Nurses,3.491348788,0.332994462,0.577056723
29-1141.02,Advanced Practice Psychiatric Nurses,3.395246886,0.411297291,0.641324638
29-1141.03,Critical Care Nurses,3.435306247,0.358172341,0.598475013
29-1141.04,Clinical Nurse Specialists,3.394137308,0.357729885,0.598105246
29-1151.00,Nurse Anesthetists,3.477989901,0.31506998,0.561310947
29-1161.00,Nurse Midwives,3.426711783,0.315320012,0.561533625
29-1171.00,Nurse Practitioners,3.557373188,0.374888526,0.612281411
29-1181.00,Audiologists,3.437575618,0.305545719,0.552761901
29-1199.01,Acupuncturists,3.368632015,0.430043485,0.655777009
29-1199.04,Naturopathic Physicians,3.395330398,0.412548569,0.642299439
29-1199.05,Orthoptists,3.618420144,0.299408631,0.547182448
29-2011.00,Medical and Clinical Laboratory Technologists,3.474393939,0.277705715,0.526977907
29-2011.01,Cytogenetic Technologists,3.454920281,0.391554626,0.625743259
29-2011.02,Cytotechnologists,3.551167711,0.399663132,0.632189158
29-2011.03,Histotechnologists and Histologic Technicians,3.461494932,0.307597485,0.554614718
29-2012.00,Medical and Clinical Laboratory Technicians,3.476153484,0.262724101,0.512566192
29-2021.00,Dental Hygienists,3.324274959,0.352695189,0.59388146
29-2031.00,Cardiovascular Technologists and Technicians,3.533894617,0.257004458,0.506956071
29-2032.00,Diagnostic Medical Sonographers,3.522036042,0.27033,0.519932688
29-2033.00,Nuclear Medicine Technologists,3.339913782,0.330641987,0.575014771
29-2034.00,Radiologic Technologists,3.482751472,0.359905921,0.599921596
29-2035.00,Magnetic Resonance Imaging Technologists,3.509064736,0.371282971,0.609329936
29-2041.00,Emergency Medical Technicians and Paramedics,3.356154588,0.296928216,0.5449112
29-2051.00,Dietetic Technicians,3.450653136,0.268503272,0.518173014
29-2052.00,Pharmacy Technicians,3.474188195,0.382449355,0.618424899
29-2053.00,Psychiatric Technicians,3.301565938,0.28179784,0.530846343
29-2054.00,Respiratory Therapy Technicians,3.472710375,0.260240547,0.510137773
29-2055.00,Surgical Technologists,3.523608118,0.236920066,0.486744353
29-2056.00,Veterinary Technologists and Technicians,3.534712093,0.344673605,0.587089094
29-2057.00,Ophthalmic Medical Technicians,3.579472745,0.26676003,0.51648817
29-2061.00,Licensed Practical and Licensed Vocational Nurses,3.426269128,0.362740837,0.6022797
29-2071.00,Medical Records and Health Information Technicians,3.392859959,0.337244439,0.580727509
29-2081.00,"Opticians, Dispensing",3.396874059,0.381764753,0.617871146
29-2091.00,Orthotists and Prosthetists,3.346809546,0.260597357,0.510487372
29-2092.00,Hearing Aid Specialists,3.533970722,0.264631671,0.51442363
29-2099.01,Neurodiagnostic Technologists,3.53232552,0.303474748,0.550885421
29-2099.05,Ophthalmic Medical Technologists,3.6290607,0.251261918,0.50126033
29-2099.06,Radiologic Technicians,3.549193964,0.304227835,0.551568522
29-2099.07,Surgical Assistants,3.447562401,0.452750663,0.672867493
29-9011.00,Occupational Health and Safety Specialists,3.245520267,0.282687065,0.531683238
29-9012.00,Occupational Health and Safety Technicians,3.367520946,0.313244011,0.559682062
29-9091.00,Athletic Trainers,3.423004145,0.304302006,0.551635755
29-9092.00,Genetic Counselors,3.398647766,0.31066587,0.557374085
29-9099.01,Midwives,3.399832244,0.359045636,0.599204169
31-1011.00,Home Health Aides,3.329477234,0.443006607,0.665587415
31-1013.00,Psychiatric Aides,3.319251427,0.301377362,0.548978472
31-1014.00,Nursing Assistants,3.422359472,0.435218359,0.659710815
31-2011.00,Occupational Therapy Assistants,3.251617846,0.396679595,0.629825051
31-2012.00,Occupational Therapy Aides,3.378520574,0.357819584,0.598180227
31-2021.00,Physical Therapist Assistants,3.200001664,0.334028267,0.577951786
31-2022.00,Physical Therapist Aides,3.334700521,0.425367165,0.652201782
31-9011.00,Massage Therapists,2.780474662,0.491937227,0.701382369
31-9091.00,Dental Assistants,3.36416163,0.264959171,0.514741849
31-9092.00,Medical Assistants,3.476584199,0.460405227,0.67853167
31-9093.00,Medical Equipment Preparers,3.442844674,0.31487903,0.561140829
31-9094.00,Medical Transcriptionists,3.702881071,0.173303858,0.416297799
31-9095.00,Pharmacy Aides,3.422954764,0.344245164,0.586724095
31-9096.00,Veterinary Assistants and Laboratory Animal Caretakers,3.528142221,0.319020819,0.56481928
31-9097.00,Phlebotomists,3.659220268,0.324879429,0.569981955
31-9099.01,Speech-Language Pathology Assistants,3.279337121,0.460328877,0.678475406
31-9099.02,Endoscopy Technicians,3.408392378,0.264852967,0.514638676
33-1011.00,First-Line Supervisors of Correctional Officers,3.416032578,0.357956045,0.59829428
33-1012.00,First-Line Supervisors of Police and Detectives,3.463458072,0.370237889,0.608471765
33-1021.01,Municipal Fire Fighting and Prevention Supervisors,3.453343472,0.388417467,0.623231471
33-1021.02,Forest Fire Fighting and Prevention Supervisors,3.399494703,0.358112563,0.598425069
33-2011.01,Municipal Firefighters,3.250787475,0.450137352,0.670922762
33-2011.02,Forest Firefighters,3.374356481,0.296976026,0.544955068
33-2021.01,Fire Inspectors,3.472782643,0.393668182,0.627429822
33-2021.02,Fire Investigators,3.303480299,0.446771027,0.668409326
33-2022.00,Forest Fire Inspectors and Prevention Specialists,3.383609495,0.425774693,0.652514132
33-3011.00,Bailiffs,3.420011815,0.209298186,0.457491187
33-3012.00,Correctional Officers and Jailers,3.466817489,0.339399117,0.582579708
33-3021.01,Police Detectives,3.417237264,0.337251483,0.580733573
33-3021.02,Police Identification and Records Officers,3.445373207,0.325818626,0.570805243
33-3021.03,Criminal Investigators and Special Agents,3.463065979,0.335898444,0.579567463
33-3021.05,Immigration and Customs Inspectors,3.42465307,0.394620639,0.628188379
33-3021.06,Intelligence Analysts,3.446413309,0.363090423,0.602569849
33-3031.00,Fish and Game Wardens,3.472546652,0.27418951,0.523631082
33-3041.00,Parking Enforcement Workers,3.368124423,0.287114411,0.53583058
33-3051.01,Police Patrol Officers,3.404354661,0.336647402,0.580213239
33-3051.03,Sheriffs and Deputy Sheriffs,3.361114598,0.367378656,0.606117692
33-3052.00,Transit and Railroad Police,3.401246242,0.437139535,0.661165286
33-9011.00,Animal Control Workers,3.546274208,0.216229519,0.465004859
33-9021.00,Private Detectives and Investigators,3.417396491,0.387004725,0.622097038
33-9031.00,Gaming Surveillance Officers and Gaming Investigators,3.32467613,0.163791703,0.404711876
33-9032.00,Security Guards,3.484458275,0.312277827,0.558818241
33-9091.00,Crossing Guards,3.44546398,0.335863595,0.579537398
33-9092.00,"Lifeguards, Ski Patrol, and Other Recreational Protective Service Workers",3.381697123,0.340505253,0.583528279
33-9093.00,Transportation Security Screeners,3.512480524,0.299089962,0.546891179
33-9099.02,Retail Loss Prevention Specialists,3.456536571,0.410630908,0.640804891
35-1011.00,Chefs and Head Cooks,3.348257014,0.476654559,0.690401737
35-1012.00,First-Line Supervisors of Food Preparation and Serving Workers,3.425944494,0.391650411,0.625819791
35-2011.00,"Cooks, Fast Food",3.402658064,0.34693767,0.589014151
35-2012.00,"Cooks, Institution and Cafeteria",3.355196897,0.429862898,0.655639305
35-2013.00,"Cooks, Private Household",3.346638684,0.443716279,0.666120319
35-2014.00,"Cooks, Restaurant",3.352640866,0.384063817,0.619728825
35-2015.00,"Cooks, Short Order",3.404883921,0.277312256,0.526604459
35-2021.00,Food Preparation Workers,3.417521466,0.335739805,0.579430587
35-3011.00,Bartenders,3.473823289,0.418335501,0.646788606
35-3021.00,"Combined Food Preparation and Serving Workers, Including Fast Food",3.448855183,0.35489853,0.595733606
35-3022.00,"Counter Attendants, Cafeteria, Food Concession, and Coffee Shop",3.479705465,0.342798581,0.585490035
35-3022.01,Baristas,3.445826841,0.414357024,0.643705697
35-3031.00,Waiters and Waitresses,3.447064403,0.493852897,0.702746681
35-3041.00,"Food Servers, Nonrestaurant",3.412289229,0.361643847,0.601368312
35-9011.00,Dining Room and Cafeteria Attendants and Bartender Helpers,3.539668809,0.282606948,0.53160789
35-9021.00,Dishwashers,3.505151127,0.36273125,0.602271741
35-9031.00,"Hosts and Hostesses, Restaurant, Lounge, and Coffee Shop",3.339550512,0.445103068,0.667160451
37-1011.00,First-Line Supervisors of Housekeeping and Janitorial Workers,3.516920039,0.451006679,0.671570308
37-1012.00,"First-Line Supervisors of Landscaping, Lawn Service, and Groundskeeping Workers",3.520087536,0.448226361,0.669497096
37-2011.00,"Janitors and Cleaners, Except Maids and Housekeeping Cleaners",3.37602503,0.427149964,0.653567108
37-2012.00,Maids and Housekeeping Cleaners,3.374624868,0.3152804,0.561498353
37-2021.00,Pest Control Workers,3.424209283,0.403468333,0.635191572
37-3011.00,Landscaping and Groundskeeping Workers,3.417272381,0.42884211,0.654860374
37-3012.00,"Pesticide Handlers, Sprayers, and Applicators, Vegetation",3.487081162,0.379628412,0.616139929
37-3013.00,Tree Trimmers and Pruners,3.334727685,0.321285967,0.566820931
39-1011.00,Gaming Supervisors,3.48759674,0.346726342,0.588834732
39-1012.00,Slot Supervisors,3.421537887,0.275940042,0.525299954
39-1021.00,First-Line Supervisors of Personal Service Workers,3.501396248,0.36535958,0.604449816
39-1021.01,Spa Managers,3.552907509,0.372979917,0.610720818
39-2011.00,Animal Trainers,3.202896915,0.243520267,0.493477727
39-2021.00,Nonfarm Animal Caretakers,3.517686298,0.352815205,0.593982495
39-3011.00,Gaming Dealers,3.541360498,0.276755867,0.526075914
39-3012.00,Gaming and Sports Book Writers and Runners,3.559498193,0.320243389,0.565900512
39-3021.00,Motion Picture Projectionists,3.255503634,0.21181624,0.460234983
39-3031.00,"Ushers, Lobby Attendants, and Ticket Takers",3.737406374,0.305251833,0.552496003
39-3091.00,Amusement and Recreation Attendants,3.68426839,0.328408004,0.573068935
39-3092.00,Costume Attendants,3.492675445,0.368884704,0.607358794
39-3093.00,"Locker Room, Coatroom, and Dressing Room Attendants",3.478666302,0.370170549,0.608416427
39-4011.00,Embalmers,3.703526806,0.216511672,0.465308147
39-4021.00,Funeral Attendants,3.627028527,0.34417097,0.586660865
39-4031.00,"Morticians, Undertakers, and Funeral Directors",3.896806736,0.370281563,0.608507653
39-5011.00,Barbers,3.422285468,0.417276751,0.645969621
39-5012.00,"Hairdressers, Hairstylists, and Cosmetologists",3.30999457,0.360221572,0.600184615
39-5091.00,"Makeup Artists, Theatrical and Performance",3.258095295,0.302173004,0.549702651
39-5092.00,Manicurists and Pedicurists,3.400535762,0.220406281,0.469474473
39-5093.00,Shampooers,3.354413377,0.415512187,0.644602348
39-5094.00,Skincare Specialists,3.393770693,0.375043904,0.612408282
39-6011.00,Baggage Porters and Bellhops,3.692059798,0.377395568,0.614325295
39-6012.00,Concierges,3.901837194,0.289622359,0.538165735
39-7011.00,Tour Guides and Escorts,3.618611678,0.468754605,0.68465656
39-7012.00,Travel Guides,3.666973925,0.417888112,0.64644266
39-9011.00,Childcare Workers,3.483131119,0.341488001,0.584369747
39-9011.01,Nannies,3.593639518,0.352761926,0.593937645
39-9021.00,Personal Care Aides,3.483242048,0.25998266,0.509884948
39-9031.00,Fitness Trainers and Aerobics Instructors,3.351503858,0.401599819,0.633719038
39-9032.00,Recreation Workers,3.563713364,0.344083718,0.586586496
39-9041.00,Residential Advisors,3.568137621,0.439834697,0.663200345
41-1011.00,First-Line Supervisors of Retail Sales Workers,3.410070857,0.288823898,0.537423388
41-1012.00,First-Line Supervisors of Non-Retail Sales Workers,3.477105696,0.326471865,0.571377165
41-2011.00,Cashiers,3.670308914,0.216544097,0.465342989
41-2012.00,Gaming Change Persons and Booth Cashiers,3.591020396,0.269764307,0.519388397
41-2021.00,Counter and Rental Clerks,3.68260978,0.184261694,0.429257143
41-2022.00,Parts Salespersons,3.652425034,0.205448732,0.453264528
41-2031.00,Retail Salespersons,3.574149071,0.236019762,0.485818652
41-3011.00,Advertising Sales Agents,3.536014548,0.221363051,0.47049235
41-3021.00,Insurance Sales Agents,3.62459179,0.273059805,0.522551246
41-3031.01,"Sales Agents, Securities and Commodities",3.594692221,0.256886889,0.506840102
41-3031.02,"Sales Agents, Financial Services",3.461559986,0.437742347,0.661620999
41-3031.03,Securities and Commodities Traders,3.562178205,0.257275071,0.5072229
41-3041.00,Travel Agents,3.716128735,0.312049908,0.558614275
41-3099.01,Energy Brokers,3.680648665,0.416923793,0.645696363
41-4011.00,"Sales Representatives, Wholesale and Manufacturing, Technical and Scientific Products",3.575271739,0.326949718,0.571795171
41-4011.07,Solar Sales Representatives and Assessors,3.646610871,0.302704815,0.550186164
41-4012.00,"Sales Representatives, Wholesale and Manufacturing, Except Technical and Scientific Products",3.620671465,0.220278958,0.469338852
41-9011.00,Demonstrators and Product Promoters,3.613377218,0.364219704,0.603506175
41-9012.00,Models,3.477448426,0.228465084,0.477980213
41-9021.00,Real Estate Brokers,3.568308477,0.209668067,0.457895257
41-9022.00,Real Estate Sales Agents,3.553666154,0.281283538,0.530361705
41-9031.00,Sales Engineers,3.492121434,0.3521466,0.593419413
41-9041.00,Telemarketers,3.413606504,0.535811719,0.731991611
41-9091.00,"Door-To-Door Sales Workers, News and Street Vendors, and Related Workers",3.698249846,0.290823046,0.539280119
43-1011.00,First-Line Supervisors of Office and Administrative Support Workers,3.575837064,0.397700839,0.630635266
43-2011.00,"Switchboard Operators, Including Answering Service",3.706002391,0.344187454,0.586674913
43-2021.00,Telephone Operators,3.628860679,0.371790476,0.609746239
43-3011.00,Bill and Account Collectors,3.511816114,0.296657132,0.544662402
43-3021.01,Statement Clerks,3.614544415,0.307345238,0.554387263
43-3021.02,"Billing, Cost, and Rate Clerks",3.64123313,0.37869721,0.615383791
43-3031.00,"Bookkeeping, Accounting, and Auditing Clerks",3.722605604,0.362216328,0.601844106
43-3041.00,Gaming Cage Workers,3.765252533,0.373199403,0.610900485
43-3051.00,Payroll and Timekeeping Clerks,3.594762525,0.588792344,0.767328055
43-3061.00,Procurement Clerks,3.559895624,0.312068904,0.558631277
43-3071.00,Tellers,3.716369982,0.32969067,0.574186964
43-4011.00,Brokerage Clerks,3.779667503,0.31430911,0.560632776
43-4021.00,Correspondence Clerks,3.569969429,0.479618971,0.692545285
43-4031.01,Court Clerks,3.663834702,0.343268559,0.585891252
43-4031.02,Municipal Clerks,3.69315397,0.335980912,0.579638604
43-4031.03,License Clerks,3.529629075,0.550192737,0.741749781
43-4041.01,Credit Authorizers,3.784543398,0.302392834,0.549902567
43-4041.02,Credit Checkers,3.360797156,0.426183336,0.652827187
43-4051.00,Customer Service Representatives,3.596982513,0.310968839,0.557645801
43-4051.03,Patient Representatives,3.46515015,0.4455484,0.66749412
43-4061.00,"Eligibility Interviewers, Government Programs",3.485500606,0.62453514,0.790275357
43-4071.00,File Clerks,3.729086883,0.52806238,0.726679008
43-4081.00,"Hotel, Motel, and Resort Desk Clerks",3.582019364,0.31124496,0.557893323
43-4111.00,"Interviewers, Except Eligibility and Loan",3.33891502,0.510302482,0.714354591
43-4121.00,"Library Assistants, Clerical",3.673884364,0.313789409,0.56016909
43-4131.00,Loan Interviewers and Clerks,3.533398556,0.437118436,0.66114933
43-4141.00,New Accounts Clerks,3.655520706,0.494125625,0.702940698
43-4151.00,Order Clerks,3.528327427,0.337114664,0.580615763
43-4161.00,"Human Resources Assistants, Except Payroll and Timekeeping",3.510975222,0.608892553,0.780315675
43-4171.00,Receptionists and Information Clerks,3.607407279,0.334920264,0.57872296
43-4181.00,Reservation and Transportation Ticket Agents and Travel Clerks,3.62031023,0.357711837,0.598090158
43-5011.00,Cargo and Freight Agents,3.556509551,0.430541497,0.65615661
43-5011.01,Freight Forwarders,3.719158327,0.532418939,0.729670432
43-5021.00,Couriers and Messengers,3.673180683,0.433586856,0.658473125
43-5031.00,"Police, Fire, and Ambulance Dispatchers",3.57414257,0.405616853,0.636880564
43-5032.00,"Dispatchers, Except Police, Fire, and Ambulance",3.675543963,0.404074629,0.635668648
43-5041.00,"Meter Readers, Utilities",3.547782802,0.406359668,0.637463464
43-5051.00,Postal Service Clerks,3.671221187,0.495335878,0.703801021
43-5052.00,Postal Service Mail Carriers,3.625603437,0.364012784,0.603334719
43-5053.00,"Postal Service Mail Sorters, Processors, and Processing Machine Operators",3.450255605,0.330583678,0.574964067
43-5061.00,"Production, Planning, and Expediting Clerks",3.573116516,0.488094629,0.698637695
43-5071.00,"Shipping, Receiving, and Traffic Clerks",3.671908291,0.498434262,0.705998769
43-5081.01,"Stock Clerks, Sales Floor",3.541825557,0.329265634,0.573816725
43-5081.02,Marking Clerks,3.500142571,0.167926732,0.409788643
43-5081.03,"Stock Clerks- Stockroom, Warehouse, or Storage Yard",3.568011939,0.48311922,0.695067781
43-5081.04,"Order Fillers, Wholesale and Retail Sales",3.621114701,0.368602556,0.607126475
43-5111.00,"Weighers, Measurers, Checkers, and Samplers, Recordkeeping",3.657747549,0.362861595,0.602379942
43-6011.00,Executive Secretaries and Executive Administrative Assistants,3.694460777,0.296458973,0.544480462
43-6012.00,Legal Secretaries,3.691274673,0.332179628,0.576350265
43-6013.00,Medical Secretaries,3.590030119,0.37687732,0.613903347
43-6014.00,"Secretaries and Administrative Assistants, Except Legal, Medical, and Executive",3.659388319,0.376122113,0.613287953
43-9011.00,Computer Operators,3.485842641,0.354306737,0.595236707
43-9021.00,Data Entry Keyers,3.6977181,0.470615492,0.686014207
43-9022.00,Word Processors and Typists,3.597518916,0.456273825,0.67548044
43-9031.00,Desktop Publishers,3.715198788,0.346767893,0.588870014
43-9041.01,Insurance Claims Clerks,3.73719692,0.491351711,0.700964843
43-9041.02,Insurance Policy Processing Clerks,3.604623561,0.303423306,0.55083873
43-9051.00,"Mail Clerks and Mail Machine Operators, Except Postal Service",3.567562032,0.368937265,0.607402062
43-9061.00,"Office Clerks, General",3.613297988,0.329271234,0.573821605
43-9071.00,"Office Machine Operators, Except Computer",3.73301803,0.417333515,0.646013556
43-9081.00,Proofreaders and Copy Markers,3.475028417,0.336828697,0.580369449
43-9111.00,Statistical Assistants,3.532673516,0.619460769,0.787058301
43-9111.01,Bioinformatics Technicians,3.456283216,0.353034841,0.594167351
45-1011.05,First-Line Supervisors of Logging Workers,3.702890348,0.354839351,0.595683935
45-1011.06,First-Line Supervisors of Aquacultural Workers,3.347167935,0.45565598,0.675022948
45-1011.07,First-Line Supervisors of Agricultural Crop and Horticultural Workers,3.478038629,0.49206344,0.701472337
45-1011.08,First-Line Supervisors of Animal Husbandry and Animal Care Workers,3.504578167,0.519395373,0.7206909
45-2011.00,Agricultural Inspectors,3.650968662,0.155969512,0.394929756
45-2021.00,Animal Breeders,3.371990629,0.355221277,0.596004427
45-2041.00,"Graders and Sorters, Agricultural Products",3.40066886,0.256700449,0.506656144
45-2091.00,Agricultural Equipment Operators,3.582803426,0.39393739,0.627644318
45-2092.01,Nursery Workers,3.412930399,0.339128275,0.582347212
45-2092.02,"Farmworkers and Laborers, Crop",3.385865928,0.348480486,0.590322357
45-2093.00,"Farmworkers, Farm, Ranch, and Aquacultural Animals",3.402325302,0.435385197,0.65983725
45-3011.00,Fishers and Related Fishing Workers,3.439786165,0.410510285,0.640710765
45-3021.00,Hunters and Trappers,3.389171657,0.408401951,0.639063339
45-4011.00,Forest and Conservation Workers,3.470845797,0.406082254,0.637245835
45-4021.00,Fallers,3.33975462,0.324146412,0.569338574
45-4022.00,Logging Equipment Operators,3.140837072,0.336206361,0.579833046
45-4023.00,Log Graders and Scalers,3.409513482,0.310460594,0.557189909
47-1011.00,First-Line Supervisors of Construction Trades and Extraction Workers,3.366981817,0.490321192,0.700229385
47-1011.03,Solar Energy Installation Managers,3.237971426,0.398942113,0.631618645
47-2011.00,Boilermakers,3.494721591,0.348059449,0.589965634
47-2021.00,Brickmasons and Blockmasons,3.193384152,0.33888195,0.58213568
47-2022.00,Stonemasons,3.177116637,0.266869366,0.516594005
47-2031.01,Construction Carpenters,3.414145237,0.359448629,0.599540348
47-2031.02,Rough Carpenters,3.377215362,0.343497084,0.586086243
47-2041.00,Carpet Installers,3.42346903,0.149132462,0.386176724
47-2042.00,"Floor Layers, Except Carpet, Wood, and Hard Tiles",3.384690075,0.291117417,0.539552979
47-2043.00,Floor Sanders and Finishers,3.225968175,0.274599343,0.524022273
47-2044.00,Tile and Marble Setters,3.317240338,0.248163809,0.498160425
47-2051.00,Cement Masons and Concrete Finishers,3.276555229,0.269672364,0.519299879
47-2053.00,Terrazzo Workers and Finishers,3.339111677,0.260535149,0.510426438
47-2061.00,Construction Laborers,3.469622376,0.309734894,0.556538313
47-2071.00,"Paving, Surfacing, and Tamping Equipment Operators",3.337766204,0.267321603,0.51703153
47-2072.00,Pile-Driver Operators,3.226575964,0.258138791,0.508073608
47-2073.00,Operating Engineers and Other Construction Equipment Operators,3.420186372,0.34046647,0.583495047
47-2081.00,Drywall and Ceiling Tile Installers,3.326214551,0.353441024,0.594509061
47-2082.00,Tapers,3.357457445,0.255761859,0.505729037
47-2111.00,Electricians,3.471608606,0.45039774,0.671116786
47-2121.00,Glaziers,3.382887101,0.402257229,0.634237518
47-2131.00,"Insulation Workers, Floor, Ceiling, and Wall",3.502503996,0.137086372,0.370251768
47-2132.00,"Insulation Workers, Mechanical",3.510788043,0.210101694,0.458368513
47-2141.00,"Painters, Construction and Maintenance",3.298729796,0.398271777,0.631087773
47-2142.00,Paperhangers,3.30045361,0.308493683,0.555422076
47-2151.00,Pipelayers,3.309582343,0.300132384,0.547843394
47-2152.01,Pipe Fitters and Steamfitters,3.412857952,0.300710084,0.54837039
47-2152.02,Plumbers,3.396857105,0.458305378,0.676982554
47-2161.00,Plasterers and Stucco Masons,3.14295846,0.296600786,0.544610674
47-2171.00,Reinforcing Iron and Rebar Workers,3.580353338,0.240249255,0.490152278
47-2181.00,Roofers,3.399314658,0.294050548,0.542264279
47-2211.00,Sheet Metal Workers,3.527315581,0.380830168,0.617114388
47-2221.00,Structural Iron and Steel Workers,3.444881286,0.288008099,0.536663861
47-2231.00,Solar Photovoltaic Installers,3.490881693,0.280916564,0.530015626
47-3011.00,"Helpers--Brickmasons, Blockmasons, Stonemasons, and Tile and Marble Setters",3.448517908,0.235971112,0.485768578
47-3012.00,Helpers--Carpenters,3.287375949,0.232887803,0.482584503
47-3013.00,Helpers--Electricians,3.491107652,0.34254869,0.585276593
47-3014.00,"Helpers--Painters, Paperhangers, Plasterers, and Stucco Masons",3.37604572,0.326534017,0.57143155
47-3015.00,"Helpers--Pipelayers, Plumbers, Pipefitters, and Steamfitters",3.405513958,0.198711742,0.445770953
47-3016.00,Helpers--Roofers,3.466875261,0.25756369,0.50750733
47-4011.00,Construction and Building Inspectors,3.399187307,0.303601789,0.551000716
47-4021.00,Elevator Installers and Repairers,3.402002299,0.315472686,0.561669552
47-4031.00,Fence Erectors,3.461308526,0.308185393,0.555144479
47-4041.00,Hazardous Materials Removal Workers,3.680699421,0.391164927,0.625431793
47-4051.00,Highway Maintenance Workers,3.500328767,0.284935698,0.533793685
47-4061.00,Rail-Track Laying and Maintenance Equipment Operators,3.232649441,0.313336523,0.559764703
47-4071.00,Septic Tank Servicers and Sewer Pipe Cleaners,3.366609407,0.386222394,0.621467935
47-4091.00,Segmental Pavers,3.206189652,0.258060076,0.507996137
47-4099.02,Solar Thermal Installers and Technicians,3.320339912,0.249618062,0.499617916
47-4099.03,Weatherization Installers and Technicians,3.273593863,0.320720134,0.566321581
47-5011.00,"Derrick Operators, Oil and Gas",3.382801642,0.333459499,0.577459522
47-5012.00,"Rotary Drill Operators, Oil and Gas",3.383676492,0.377645468,0.614528655
47-5013.00,"Service Unit Operators, Oil, Gas, and Mining",3.308998291,0.357374171,0.597807805
47-5021.00,"Earth Drillers, Except Oil and Gas",3.475041648,0.293924197,0.542147763
47-5031.00,"Explosives Workers, Ordnance Handling Experts, and Blasters",3.393565843,0.267756409,0.517451842
47-5041.00,Continuous Mining Machine Operators,3.401695792,0.304211327,0.551553558
47-5042.00,Mine Cutting and Channeling Machine Operators,3.491384269,0.222377731,0.471569434
47-5051.00,"Rock Splitters, Quarry",3.527986938,0.209291742,0.457484144
47-5061.00,"Roof Bolters, Mining",3.398675993,0.261080773,0.510960638
47-5071.00,"Roustabouts, Oil and Gas",3.38763135,0.268799473,0.518458748
47-5081.00,Helpers--Extraction Workers,3.48256007,0.240094616,0.489994506
49-1011.00,"First-Line Supervisors of Mechanics, Installers, and Repairers",3.550774883,0.435575395,0.659981359
49-2011.00,"Computer, Automated Teller, and Office Machine Repairers",3.337023118,0.306300577,0.553444285
49-2021.00,"Radio, Cellular, and Tower Equipment Installers and Repairers",3.386934061,0.328537627,0.573182019
49-2021.01,Radio Mechanics,3.506350249,0.251639193,0.501636515
49-2022.00,"Telecommunications Equipment Installers and Repairers, Except Line Installers",3.391514369,0.389744677,0.624295345
49-2091.00,Avionics Technicians,3.524184227,0.387369594,0.622390226
49-2092.00,"Electric Motor, Power Tool, and Related Repairers",3.319726189,0.401881358,0.633941132
49-2093.00,"Electrical and Electronics Installers and Repairers, Transportation Equipment",3.461898092,0.25740762,0.507353546
49-2094.00,"Electrical and Electronics Repairers, Commercial and Industrial Equipment",3.403913518,0.367933099,0.606574891
49-2095.00,"Electrical and Electronics Repairers, Powerhouse, Substation, and Relay",3.534049694,0.324703136,0.569827286
49-2096.00,"Electronic Equipment Installers and Repairers, Motor Vehicles",3.503699641,0.334202725,0.578102694
49-2097.00,Electronic Home Entertainment Equipment Installers and Repairers,3.371124454,0.251979564,0.501975661
49-2098.00,Security and Fire Alarm Systems Installers,3.504920022,0.285155073,0.533999132
49-3011.00,Aircraft Mechanics and Service Technicians,3.332597648,0.350129709,0.591717592
49-3021.00,Automotive Body and Related Repairers,3.416109932,0.3993377,0.631931721
49-3022.00,Automotive Glass Installers and Repairers,3.352108463,0.380808844,0.617097111
49-3023.01,Automotive Master Mechanics,3.299123376,0.276442278,0.525777784
49-3023.02,Automotive Specialty Technicians,3.360981397,0.216259165,0.465036735
49-3031.00,Bus and Truck Mechanics and Diesel Engine Specialists,3.303985016,0.291171522,0.539603116
49-3041.00,Farm Equipment Mechanics and Service Technicians,3.459256823,0.252819428,0.502811523
49-3042.00,"Mobile Heavy Equipment Mechanics, Except Engines",3.365815004,0.298549551,0.546396881
49-3043.00,Rail Car Repairers,3.285558897,0.323065367,0.568388394
49-3051.00,Motorboat Mechanics and Service Technicians,3.371341761,0.258626164,0.50855301
49-3052.00,Motorcycle Mechanics,3.305143639,0.1626417,0.403288607
49-3053.00,Outdoor Power Equipment and Other Small Engine Mechanics,3.409154897,0.232605967,0.482292409
49-3091.00,Bicycle Repairers,3.347121141,0.247261927,0.497254389
49-3092.00,Recreational Vehicle Service Technicians,3.402805405,0.449216925,0.670236469
49-3093.00,Tire Repairers and Changers,3.238729128,0.364957791,0.604117365
49-9011.00,Mechanical Door Repairers,3.430967812,0.347523969,0.589511636
49-9012.00,"Control and Valve Installers and Repairers, Except Mechanical Door",3.40579631,0.338646809,0.581933681
49-9021.01,Heating and Air Conditioning Mechanics and Installers,3.517841349,0.338623544,0.581913691
49-9021.02,Refrigeration Mechanics and Installers,3.480452392,0.427106307,0.653533708
49-9031.00,Home Appliance Repairers,3.285554325,0.276348178,0.52568829
49-9041.00,Industrial Machinery Mechanics,3.355816399,0.255078119,0.505052591
49-9043.00,"Maintenance Workers, Machinery",3.295882513,0.297231992,0.545189868
49-9044.00,Millwrights,3.421203757,0.333664278,0.577636805
49-9045.00,"Refractory Materials Repairers, Except Brickmasons",3.30891651,0.324387462,0.569550228
49-9051.00,Electrical Power-Line Installers and Repairers,3.458369696,0.435220203,0.659712212
49-9052.00,Telecommunications Line Installers and Repairers,3.486466653,0.460844438,0.678855241
49-9061.00,Camera and Photographic Equipment Repairers,3.401904618,0.339135894,0.582353754
49-9062.00,Medical Equipment Repairers,3.496706279,0.434858789,0.659438237
49-9063.00,Musical Instrument Repairers and Tuners,3.322793536,0.39720575,0.630242612
49-9064.00,Watch Repairers,3.388005588,0.305465168,0.552689034
49-9071.00,"Maintenance and Repair Workers, General",3.468337064,0.259298182,0.509213297
49-9081.00,Wind Turbine Service Technicians,3.291465153,0.327932651,0.572654041
49-9091.00,"Coin, Vending, and Amusement Machine Servicers and Repairers",3.359268619,0.316360682,0.562459494
49-9092.00,Commercial Divers,3.354359077,0.268850596,0.518508048
49-9093.00,"Fabric Menders, Except Garment",3.460613086,0.102616153,0.320337561
49-9094.00,Locksmiths and Safe Repairers,3.422642774,0.380602115,0.616929587
49-9095.00,Manufactured Building and Mobile Home Installers,3.40767223,0.346572706,0.58870426
49-9096.00,Riggers,3.351712642,0.318644945,0.564486444
49-9097.00,Signal and Track Switch Repairers,3.470235317,0.287629692,0.536311189
49-9098.00,"Helpers--Installation, Maintenance, and Repair Workers",3.40539864,0.309869716,0.556659425
49-9099.01,Geothermal Technicians,3.391944378,0.313482331,0.559894928
51-1011.00,First-Line Supervisors of Production and Operating Workers,3.403774952,0.338618147,0.581909054
51-2011.00,"Aircraft Structure, Surfaces, Rigging, and Systems Assemblers",3.543562038,0.385130662,0.620588964
51-2021.00,"Coil Winders, Tapers, and Finishers",3.451062147,0.291895339,0.540273393
51-2022.00,Electrical and Electronic Equipment Assemblers,3.417948513,0.264109489,0.513915838
51-2023.00,Electromechanical Equipment Assemblers,3.449072126,0.39391438,0.627625987
51-2031.00,Engine and Other Machine Assemblers,3.517289819,0.344072527,0.586576957
51-2041.00,Structural Metal Fabricators and Fitters,3.500005741,0.341888487,0.584712311
51-2091.00,Fiberglass Laminators and Fabricators,3.723577274,0.259569345,0.509479484
51-2092.00,Team Assemblers,3.37689318,0.32112669,0.566680413
51-2093.00,Timing Device Assemblers and Adjusters,3.236409873,0.38624757,0.62148819
51-3011.00,Bakers,3.497340461,0.349580234,0.591253105
51-3021.00,Butchers and Meat Cutters,3.494424382,0.334236362,0.578131786
51-3022.00,"Meat, Poultry, and Fish Cutters and Trimmers",3.320906772,0.211879645,0.460303862
51-3023.00,Slaughterers and Meat Packers,3.146140834,0.235948735,0.485745545
51-3091.00,"Food and Tobacco Roasting, Baking, and Drying Machine Operators and Tenders",3.467936283,0.365123251,0.604254294
51-3092.00,Food Batchmakers,3.500749864,0.275665947,0.525038995
51-3093.00,Food Cooking Machine Operators and Tenders,3.435587064,0.254842433,0.504819209
51-4011.00,"Computer-Controlled Machine Tool Operators, Metal and Plastic",3.547246848,0.317526683,0.56349506
51-4012.00,"Computer Numerically Controlled Machine Tool Programmers, Metal and Plastic",3.467899226,0.294344137,0.542534918
51-4021.00,"Extruding and Drawing Machine Setters, Operators, and Tenders, Metal and Plastic",3.307598897,0.414243164,0.64361725
51-4022.00,"Forging Machine Setters, Operators, and Tenders, Metal and Plastic",3.497885226,0.249463844,0.499463556
51-4023.00,"Rolling Machine Setters, Operators, and Tenders, Metal and Plastic",3.414419966,0.286060023,0.534845793
51-4031.00,"Cutting, Punching, and Press Machine Setters, Operators, and Tenders, Metal and Plastic",3.440012773,0.315667913,0.561843318
51-4032.00,"Drilling and Boring Machine Tool Setters, Operators, and Tenders, Metal and Plastic",3.529950649,0.346122175,0.588321489
51-4033.00,"Grinding, Lapping, Polishing, and Buffing Machine Tool Setters, Operators, and Tenders, Metal and Plastic",3.489094976,0.304307254,0.551640512
51-4034.00,"Lathe and Turning Machine Tool Setters, Operators, and Tenders, Metal and Plastic",3.518100166,0.358113201,0.598425602
51-4035.00,"Milling and Planing Machine Setters, Operators, and Tenders, Metal and Plastic",3.435108489,0.332969516,0.577035108
51-4041.00,Machinists,3.523286089,0.401303869,0.633485492
51-4051.00,Metal-Refining Furnace Operators and Tenders,3.55145818,0.298133421,0.546015953
51-4052.00,"Pourers and Casters, Metal",3.561498888,0.275009781,0.524413749
51-4061.00,"Model Makers, Metal and Plastic",3.419065006,0.501126087,0.707902597
51-4062.00,"Patternmakers, Metal and Plastic",3.664797009,0.34780718,0.589751795
51-4071.00,Foundry Mold and Coremakers,3.65596298,0.24702784,0.497018954
51-4072.00,"Molding, Coremaking, and Casting Machine Setters, Operators, and Tenders, Metal and Plastic",3.468716132,0.328164216,0.572856192
51-4081.00,"Multiple Machine Tool Setters, Operators, and Tenders, Metal and Plastic",3.512023052,0.279985258,0.529136333
51-4111.00,Tool and Die Makers,3.610644808,0.505367612,0.710892124
51-4121.06,"Welders, Cutters, and Welder Fitters",3.496932943,0.329841828,0.574318577
51-4121.07,Solderers and Brazers,3.458144431,0.413753782,0.643236956
51-4122.00,"Welding, Soldering, and Brazing Machine Setters, Operators, and Tenders",3.499193242,0.345109453,0.587460172
51-4191.00,"Heat Treating Equipment Setters, Operators, and Tenders, Metal and Plastic",3.496235554,0.434415717,0.659102205
51-4192.00,"Layout Workers, Metal and Plastic",3.443648745,0.575858254,0.758853249
51-4193.00,"Plating and Coating Machine Setters, Operators, and Tenders, Metal and Plastic",3.476039286,0.374957492,0.612337727
51-4194.00,"Tool Grinders, Filers, and Sharpeners",3.620762495,0.297929328,0.545829028
51-5111.00,Prepress Technicians and Workers,3.566445329,0.307546423,0.554568682
51-5112.00,Printing Press Operators,3.513829758,0.308629925,0.55554471
51-5113.00,Print Binding and Finishing Workers,3.450364365,0.320544117,0.566166157
51-6011.00,Laundry and Dry-Cleaning Workers,3.318118748,0.312418157,0.558943787
51-6021.00,"Pressers, Textile, Garment, and Related Materials",3.255060189,0.293588771,0.541838326
51-6031.00,Sewing Machine Operators,3.576533631,0.269049884,0.518700187
51-6041.00,Shoe and Leather Workers and Repairers,3.487108593,0.258681936,0.508607841
51-6042.00,Shoe Machine Operators and Tenders,3.474709561,0.289256817,0.53782601
51-6051.00,"Sewers, Hand",3.477518699,0.290199627,0.538701798
51-6052.00,"Tailors, Dressmakers, and Custom Sewers",3.490073724,0.322645545,0.568018966
51-6061.00,Textile Bleaching and Dyeing Machine Operators and Tenders,3.44800546,0.363600951,0.602993326
51-6062.00,"Textile Cutting Machine Setters, Operators, and Tenders",3.551467824,0.280417411,0.529544532
51-6063.00,"Textile Knitting and Weaving Machine Setters, Operators, and Tenders",3.538186988,0.311908425,0.558487623
51-6064.00,"Textile Winding, Twisting, and Drawing Out Machine Setters, Operators, and Tenders",3.573212952,0.377041499,0.61403705
51-6091.00,"Extruding and Forming Machine Setters, Operators, and Tenders, Synthetic and Glass Fibers",3.475206968,0.267067782,0.516786011
51-6092.00,Fabric and Apparel Patternmakers,3.69100624,0.326192881,0.57113298
51-6093.00,Upholsterers,3.378245488,0.283714002,0.532648104
51-7011.00,Cabinetmakers and Bench Carpenters,3.42363582,0.40784768,0.638629533
51-7021.00,Furniture Finishers,3.353981116,0.346144509,0.588340471
51-7031.00,"Model Makers, Wood",3.57294202,0.4121475,0.64198715
51-7032.00,"Patternmakers, Wood",3.531548994,0.412298411,0.642104673
51-7041.00,"Sawing Machine Setters, Operators, and Tenders, Wood",3.503849206,0.300783338,0.548437178
51-7042.00,"Woodworking Machine Setters, Operators, and Tenders, Except Sawing",3.432101975,0.314848816,0.561113906
51-8011.00,Nuclear Power Reactor Operators,3.51007904,0.332956248,0.577023611
51-8012.00,Power Distributors and Dispatchers,3.534109512,0.39026703,0.624713559
51-8013.00,Power Plant Operators,3.447743546,0.430819688,0.656368561
51-8021.00,Stationary Engineers and Boiler Operators,3.481668401,0.348331521,0.590196171
51-8031.00,Water and Wastewater Treatment Plant and System Operators,3.605262321,0.186966996,0.432396804
51-8091.00,Chemical Plant and System Operators,3.544993777,0.376625061,0.613697858
51-8092.00,Gas Plant Operators,3.402285152,0.274029075,0.523477865
51-8093.00,"Petroleum Pump System Operators, Refinery Operators, and Gaugers",3.433246081,0.316736796,0.562793742
51-8099.03,Biomass Plant Technicians,3.343039601,0.218122524,0.467035892
51-9011.00,Chemical Equipment Operators and Tenders,3.551760824,0.375319165,0.612632978
51-9012.00,"Separating, Filtering, Clarifying, Precipitating, and Still Machine Setters, Operators, and Tenders",3.459233299,0.349753622,0.591399714
51-9021.00,"Crushing, Grinding, and Polishing Machine Setters, Operators, and Tenders",3.444107419,0.321287614,0.566822383
51-9022.00,"Grinding and Polishing Workers, Hand",3.532014909,0.336257282,0.579876955
51-9023.00,"Mixing and Blending Machine Setters, Operators, and Tenders",3.2828702,0.31181402,0.558403098
51-9031.00,"Cutters and Trimmers, Hand",3.563082841,0.29736158,0.545308702
51-9032.00,"Cutting and Slicing Machine Setters, Operators, and Tenders",3.398552873,0.26589537,0.515650434
51-9041.00,"Extruding, Forming, Pressing, and Compacting Machine Setters, Operators, and Tenders",3.442993377,0.276631722,0.525957909
51-9051.00,"Furnace, Kiln, Oven, Drier, and Kettle Operators and Tenders",3.450916209,0.306116911,0.553278331
51-9061.00,"Inspectors, Testers, Sorters, Samplers, and Weighers",3.547435957,0.35943311,0.599527406
51-9071.01,Jewelers,3.529955079,0.373197226,0.610898704
51-9071.06,Gem and Diamond Workers,3.745088869,0.316352993,0.562452659
51-9071.07,Precious Metal Workers,3.512532631,0.350658172,0.592163974
51-9081.00,Dental Laboratory Technicians,3.576961087,0.228252396,0.477757675
51-9082.00,Medical Appliance Technicians,3.508389362,0.259607648,0.509517074
51-9083.00,Ophthalmic Laboratory Technicians,3.497350207,0.311991579,0.558562064
51-9111.00,Packaging and Filling Machine Operators and Tenders,3.434909076,0.305582217,0.552794914
51-9121.00,"Coating, Painting, and Spraying Machine Setters, Operators, and Tenders",3.405832616,0.28170931,0.53076295
51-9122.00,"Painters, Transportation Equipment",3.410903488,0.329205584,0.573764397
51-9123.00,"Painting, Coating, and Decorating Workers",3.492776124,0.314125965,0.560469415
51-9141.00,Semiconductor Processors,3.541567782,0.291510768,0.539917371
51-9191.00,Adhesive Bonding Machine Operators and Tenders,3.469389223,0.377533346,0.614437423
51-9192.00,"Cleaning, Washing, and Metal Pickling Equipment Operators and Tenders",3.583164557,0.384185144,0.619826705
51-9193.00,Cooling and Freezing Equipment Operators and Tenders,3.366805457,0.295198212,0.543321463
51-9194.00,Etchers and Engravers,3.437064944,0.350671097,0.592174887
51-9195.03,"Stone Cutters and Carvers, Manufacturing",3.437596752,0.313668677,0.560061315
51-9195.04,"Glass Blowers, Molders, Benders, and Finishers",3.473893073,0.283635508,0.532574416
51-9195.05,"Potters, Manufacturing",3.473414826,0.37444882,0.611922234
51-9195.07,Molding and Casting Workers,3.532202128,0.313707318,0.560095811
51-9196.00,"Paper Goods Machine Setters, Operators, and Tenders",3.456196638,0.304093096,0.551446367
51-9197.00,Tire Builders,3.280286556,0.344333399,0.586799283
51-9198.00,Helpers--Production Workers,3.456204561,0.351838231,0.593159532
51-9199.01,Recycling and Reclamation Workers,3.358258229,0.236149858,0.485952526
53-1011.00,Aircraft Cargo Handling Supervisors,3.457276281,0.187539539,0.433058355
53-1021.00,"First-Line Supervisors of Helpers, Laborers, and Material Movers, Hand",3.52350751,0.330275431,0.574695946
53-1021.01,Recycling Coordinators,3.413233195,0.316111179,0.562237654
53-1031.00,First-Line Supervisors of Transportation and Material-Moving Machine and Vehicle Operators,3.480159088,0.34257835,0.585301931
53-2011.00,"Airline Pilots, Copilots, and Flight Engineers",3.441619659,0.34675775,0.588861402
53-2012.00,Commercial Pilots,3.440887956,0.356581295,0.597144283
53-2021.00,Air Traffic Controllers,3.495699006,0.361768837,0.601472225
53-2022.00,Airfield Operations Specialists,3.382875252,0.323427021,0.568706445
53-2031.00,Flight Attendants,3.54440471,0.356290503,0.596900748
53-3011.00,"Ambulance Drivers and Attendants, Except Emergency Medical Technicians",3.560157841,0.245353056,0.495331259
53-3021.00,"Bus Drivers, Transit and Intercity",3.389292336,0.372133351,0.610027336
53-3022.00,"Bus Drivers, School or Special Client",3.435128542,0.316742064,0.562798423
53-3031.00,Driver/Sales Workers,3.541213243,0.370900479,0.609015992
53-3032.00,Heavy and Tractor-Trailer Truck Drivers,3.405050656,0.457137541,0.676119473
53-3033.00,Light Truck or Delivery Services Drivers,3.461126846,0.394708377,0.628258209
53-3041.00,Taxi Drivers and Chauffeurs,3.398120414,0.412869529,0.642549243
53-4011.00,Locomotive Engineers,3.495426492,0.357717984,0.598095297
53-4012.00,Locomotive Firers,3.489189103,0.385828989,0.621151341
53-4013.00,"Rail Yard Engineers, Dinkey Operators, and Hostlers",3.344179604,0.330937237,0.575271447
53-4021.00,"Railroad Brake, Signal, and Switch Operators",3.373048025,0.287201653,0.535911983
53-4031.00,Railroad Conductors and Yardmasters,3.33906107,0.38376084,0.619484334
53-4041.00,Subway and Streetcar Operators,3.421816462,0.35379818,0.594809365
53-5011.00,Sailors and Marine Oilers,3.457196589,0.343861069,0.586396682
53-5021.01,Ship and Boat Captains,3.427730169,0.361856584,0.601545164
53-5021.02,"Mates- Ship, Boat, and Barge",3.272284326,0.363242102,0.602695696
53-5021.03,"Pilots, Ship",3.458011908,0.450634625,0.671293248
53-5022.00,Motorboat Operators,3.353179465,0.316368575,0.56246651
53-5031.00,Ship Engineers,3.387640866,0.326293769,0.571221296
53-6011.00,Bridge and Lock Tenders,3.482866912,0.326233349,0.571168407
53-6021.00,Parking Lot Attendants,3.443879512,0.404924878,0.636337079
53-6031.00,Automotive and Watercraft Service Attendants,3.433746841,0.418898251,0.647223494
53-6041.00,Traffic Technicians,3.449207359,0.289600294,0.538145235
53-6051.01,Aviation Inspectors,3.649108111,0.276987142,0.526295679
53-6051.07,"Transportation Vehicle, Equipment and Systems Inspectors, Except Aviation",3.717184725,0.364262679,0.603541779
53-6051.08,Freight and Cargo Inspectors,3.501417976,0.290125966,0.538633424
53-6061.00,"Transportation Attendants, Except Flight Attendants",3.379550948,0.42062773,0.648558193
53-7011.00,Conveyor Operators and Tenders,3.379008906,0.25458005,0.504559263
53-7021.00,Crane and Tower Operators,3.366143201,0.299168154,0.546962662
53-7031.00,Dredge Operators,3.225709506,0.095757853,0.309447658
53-7032.00,Excavating and Loading Machine and Dragline Operators,3.442824036,0.306373362,0.553510038
53-7033.00,"Loading Machine Operators, Underground Mining",3.266624185,0.253435216,0.503423496
53-7041.00,Hoist and Winch Operators,3.180051455,0.278634361,0.527858277
53-7051.00,Industrial Truck and Tractor Operators,3.313886917,0.291822358,0.540205847
53-7061.00,Cleaners of Vehicles and Equipment,3.390557041,0.314750335,0.561026145
53-7062.00,"Laborers and Freight, Stock, and Material Movers, Hand",3.31375857,0.39339375,0.627211089
53-7063.00,Machine Feeders and Offbearers,3.380449114,0.296018134,0.544075485
53-7064.00,"Packers and Packagers, Hand",3.304250966,0.264352563,0.514152276
53-7071.00,Gas Compressor and Gas Pumping Station Operators,3.316049442,0.253529026,0.503516659
53-7072.00,"Pump Operators, Except Wellhead Pumpers",3.419413098,0.23571749,0.485507456
53-7073.00,Wellhead Pumpers,3.322085141,0.284905231,0.533765146
53-7081.00,Refuse and Recyclable Material Collectors,3.47210915,0.377993534,0.614811787
53-7111.00,Mine Shuttle Car Operators,3.34328665,0.288096703,0.536746405
53-7121.00,"Tank Car, Truck, and Ship Loaders",3.413943292,0.33523573,0.578995449
